{"stats":{"minecraft:used":{"dedsafio3:flachbang_spawn_egg":2,"minecraft:netherite_sword":9,"minecraft:diamond_chestplate":2,"minecraft:dirt":130,"minecraft:diamond_boots":2,"dedsafio3:infernal_armor_boots":1,"dedsafio3:infernal_armor_helmet":1,"dedsafio3:hydra_spawn_egg":3,"dedsafio3:infernal_armor_leggings":1,"minecraft:diamond_helmet":2,"dedsafio3:infernal_armor_chestplate":1,"minecraft:diamond_leggings":2},"minecraft:killed":{"dedsafio3:hydra":3,"dedsafio3:flachbang":1},"minecraft:picked_up":{"minecraft:wheat_seeds":2,"minecraft:dirt":25},"minecraft:custom":{"minecraft:time_since_rest":38684,"minecraft:crouch_one_cm":10384,"minecraft:play_time":48936,"minecraft:sprint_one_cm":36479,"minecraft:walk_one_cm":38135,"minecraft:damage_taken":1217,"minecraft:deaths":1,"minecraft:sneak_time":2344,"minecraft:mob_kills":4,"minecraft:jump":288,"minecraft:damage_dealt":610,"minecraft:leave_game":5,"minecraft:time_since_death":38628,"minecraft:total_world_time":48936,"minecraft:fall_one_cm":1019,"minecraft:fly_one_cm":98835}},"DataVersion":3465}