{"stats":{"minecraft:dropped":{"dedsafio3:cetro_ancestral":1},"minecraft:picked_up":{"modminds:dedita_naranja":15,"dedsafio3:cetro_ancestral":1},"minecraft:custom":{"minecraft:time_since_rest":57292,"minecraft:crouch_one_cm":302,"minecraft:sprint_one_cm":6733,"minecraft:play_time":57292,"minecraft:walk_one_cm":14056,"minecraft:damage_taken":3851,"minecraft:damage_absorbed":340,"minecraft:sneak_time":211,"minecraft:mob_kills":1,"minecraft:drop":1,"minecraft:jump":164,"minecraft:damage_dealt":34,"minecraft:leave_game":6,"minecraft:time_since_death":57292,"minecraft:total_world_time":57292,"minecraft:damage_resisted":414,"minecraft:fly_one_cm":95950,"minecraft:fall_one_cm":48094},"minecraft:used":{"dedsafio3:runa_rose":1,"dedsafio3:runa_red":1,"dedsafio3:runa_yellow":1,"modminds:large_bars_block":3,"dedsafio3:runa_celest":1,"minecraft:grass_block":19,"modminds:casino_spawn_egg":1,"modminds:bars_block":9,"minecraft:totem_of_undying":1,"minecraft:milk_bucket":2},"minecraft:mined":{"minecraft:grass":1,"minecraft:tall_grass":1}},"DataVersion":3465}