{"stats":{"minecraft:picked_up":{"minecraft:wheat_seeds":2,"minecraft:dirt":25},"minecraft:killed":{"dedsafio3:hydra":3,"dedsafio3:flachbang":1},"minecraft:custom":{"minecraft:time_since_rest":51160,"minecraft:crouch_one_cm":10413,"minecraft:sprint_one_cm":36772,"minecraft:play_time":61412,"minecraft:deaths":1,"minecraft:damage_taken":1217,"minecraft:walk_one_cm":38385,"minecraft:sneak_time":2665,"minecraft:walk_under_water_one_cm":5190,"minecraft:mob_kills":4,"minecraft:jump":295,"minecraft:damage_dealt":610,"minecraft:leave_game":6,"minecraft:walk_on_water_one_cm":848,"minecraft:time_since_death":51104,"minecraft:total_world_time":61412,"minecraft:fall_one_cm":1019,"minecraft:fly_one_cm":123329},"minecraft:used":{"minecraft:glass":1,"dedsafio3:flachbang_spawn_egg":2,"minecraft:netherite_sword":9,"minecraft:diamond_chestplate":2,"minecraft:diamond_boots":2,"minecraft:dirt":130,"dedsafio3:infernal_armor_boots":1,"minecraft:grass_block":1,"dedsafio3:infernal_armor_helmet":1,"dedsafio3:hydra_spawn_egg":3,"minecraft:diamond_helmet":2,"dedsafio3:infernal_armor_leggings":1,"dedsafio3:infernal_armor_chestplate":1,"minecraft:diamond_leggings":2}},"DataVersion":3465}