{"stats":{"minecraft:used":{"minecraft:diamond_chestplate":1,"minecraft:diamond_helmet":1,"minecraft:diamond_boots":1,"minecraft:diamond_leggings":1},"minecraft:custom":{"minecraft:jump":151,"minecraft:time_since_rest":22543,"minecraft:damage_dealt":30,"minecraft:crouch_one_cm":92,"minecraft:deaths":1,"minecraft:sprint_one_cm":11258,"minecraft:leave_game":4,"minecraft:play_time":32795,"minecraft:damage_taken":1180,"minecraft:time_since_death":22487,"minecraft:walk_one_cm":5670,"minecraft:sneak_time":85,"minecraft:total_world_time":32795,"minecraft:fall_one_cm":752,"minecraft:fly_one_cm":22948}},"DataVersion":3465}